{
	"configs" : [
		{
			"remarks" : "",
			"id" : "4697459390B84196C7837F4C7DBD102D",
			"server" : "server host",
			"server_port" : 8388,
			"server_udp_port" : 0,
			"password" : "0",
			"method" : "aes-256-cfb",
			"protocol" : "origin",
			"protocolparam" : "",
			"obfs" : "plain",
			"obfsparam" : "",
			"remarks_base64" : "",
			"group" : "FreeSSR-public",
			"enable" : true,
			"udp_over_tcp" : false
		},
		{
			"remarks" : "0<临时1级>[三级0.4] 澳门 - CTM[高速直连]",
			"id" : "5E40646A516387308DA68952B5FB6576",
			"server" : "ctm.damn-wall.com",
			"server_port" : 1025,
			"server_udp_port" : 0,
			"password" : "POIChan233",
			"method" : "chacha20-ietf",
			"protocol" : "auth_aes128_md5",
			"protocolparam" : "",
			"obfs" : "tls1.2_ticket_auth",
			"obfsparam" : "",
			"remarks_base64" : "MDzkuLTml7Yx57qnPlvkuInnuqcwLjRdIOa-s-mXqCAtIENUTVvpq5jpgJ_nm7Tov55d",
			"group" : "POI DW",
			"enable" : true,
			"udp_over_tcp" : false
		},
		{
			"remarks" : "",
			"id" : "EA182D97718FD8EA6F68D999B7A52A2B",
			"server" : "jp01.1ss.bid",
			"server_port" : 11137,
			"server_udp_port" : 0,
			"password" : "f55.fun-40163174",
			"method" : "aes-256-cfb",
			"protocol" : "origin",
			"protocolparam" : "",
			"obfs" : "plain",
			"obfsparam" : "",
			"remarks_base64" : "",
			"group" : "",
			"enable" : true,
			"udp_over_tcp" : false
		},
		{
			"remarks" : "[一级1.2] 俄罗斯远东 - 直连",
			"id" : "3CDE35B05235EDEA9A412C4A6BD9CA72",
			"server" : "ru1.damn-wall.com",
			"server_port" : 1025,
			"server_udp_port" : 0,
			"password" : "POIChan233",
			"method" : "chacha20-ietf",
			"protocol" : "auth_aes128_md5",
			"protocolparam" : "",
			"obfs" : "tls1.2_ticket_auth",
			"obfsparam" : "",
			"remarks_base64" : "W-S4gOe6pzEuMl0g5L-E572X5pav6L-c5LicIC0g55u06L-e",
			"group" : "POI DW",
			"enable" : true,
			"udp_over_tcp" : false
		},
		{
			"remarks" : "0[二级1.4][仅游戏限5M] 日本 - KDDI",
			"id" : "0A20E69D7F77B8A5594CDA6667D7F39E",
			"server" : "jp.kddi1.damn-wall.com",
			"server_port" : 1025,
			"server_udp_port" : 0,
			"password" : "POIChan233",
			"method" : "chacha20-ietf",
			"protocol" : "auth_aes128_md5",
			"protocolparam" : "",
			"obfs" : "tls1.2_ticket_auth",
			"obfsparam" : "",
			"remarks_base64" : "MFvkuoznuqcxLjRdW-S7hea4uOaIj-mZkDVNXSDml6XmnKwgLSBLRERJ",
			"group" : "POI DW",
			"enable" : true,
			"udp_over_tcp" : false
		},
		{
			"remarks" : "[一级1.43][可游戏] 日本 - IIJ1",
			"id" : "6D6E67793138F8A270970B83095C9514",
			"server" : "jpiij1.damn-wall.com",
			"server_port" : 1025,
			"server_udp_port" : 0,
			"password" : "POIChan233",
			"method" : "chacha20-ietf",
			"protocol" : "auth_aes128_md5",
			"protocolparam" : "",
			"obfs" : "tls1.2_ticket_auth",
			"obfsparam" : "",
			"remarks_base64" : "W-S4gOe6pzEuNDNdW-WPr-a4uOaIj10g5pel5pysIC0gSUlKMQ",
			"group" : "POI DW",
			"enable" : true,
			"udp_over_tcp" : false
		},
		{
			"remarks" : "[定制NewVer.] 美国 - CN2",
			"id" : "28AD81E13FEBB6710F9E807C627EC5E3",
			"server" : "172.86.65.51",
			"server_port" : 1025,
			"server_udp_port" : 0,
			"password" : "POIChan233",
			"method" : "chacha20-ietf",
			"protocol" : "auth_aes128_md5",
			"protocolparam" : "",
			"obfs" : "tls1.2_ticket_auth",
			"obfsparam" : "",
			"remarks_base64" : "W-WumuWItk5ld1Zlci5dIOe-juWbvSAtIENOMg",
			"group" : "POI DW",
			"enable" : true,
			"udp_over_tcp" : false
		},
		{
			"remarks" : "[私有服务] 日本 - BBTEC",
			"id" : "10AF591F242A03186DE89029F1E4E277",
			"server" : "103.204.172.80",
			"server_port" : 1025,
			"server_udp_port" : 0,
			"password" : "POIChan233",
			"method" : "chacha20-ietf",
			"protocol" : "auth_aes128_md5",
			"protocolparam" : "",
			"obfs" : "tls1.2_ticket_auth",
			"obfsparam" : "",
			"remarks_base64" : "W-engeacieacjeWKoV0g5pel5pysIC0gQkJURUM",
			"group" : "POI DW",
			"enable" : true,
			"udp_over_tcp" : false
		},
		{
			"remarks" : "若您无法看到服务器或者无法使用，则说明您的账户已经到期。",
			"id" : "DCDF07D51BA6EAAA27FB6AA866D034F3",
			"server" : "damn-wall.win",
			"server_port" : 1025,
			"server_udp_port" : 0,
			"password" : "POIChan233",
			"method" : "chacha20-ietf",
			"protocol" : "auth_aes128_md5",
			"protocolparam" : "",
			"obfs" : "tls1.2_ticket_auth",
			"obfsparam" : "",
			"remarks_base64" : "6Iul5oKo5peg5rOV55yL5Yiw5pyN5Yqh5Zmo5oiW6ICF5peg5rOV5L2_55So77yM5YiZ6K-05piO5oKo55qE6LSm5oi35bey57uP5Yiw5pyf44CC",
			"group" : "POI DW",
			"enable" : true,
			"udp_over_tcp" : false
		},
		{
			"remarks" : "[一级1.25] 洛杉矶 - CN2",
			"id" : "EDE54DC1DAF98269C83F51C82B1BADAB",
			"server" : "dgc5.damn-wall.com",
			"server_port" : 1025,
			"server_udp_port" : 0,
			"password" : "POIChan233",
			"method" : "chacha20-ietf",
			"protocol" : "auth_aes128_md5",
			"protocolparam" : "",
			"obfs" : "tls1.2_ticket_auth",
			"obfsparam" : "",
			"remarks_base64" : "W-S4gOe6pzEuMjVdIOa0m-adieeftiAtIENOMg",
			"group" : "POI DW",
			"enable" : true,
			"udp_over_tcp" : false
		},
		{
			"remarks" : "[一级1.42][可游戏] 日本 - IIJ2",
			"id" : "911ECD21908BD7BA18514EC8FBBDF5D1",
			"server" : "jpiij2.damn-wall.com",
			"server_port" : 1025,
			"server_udp_port" : 0,
			"password" : "POIChan233",
			"method" : "chacha20-ietf",
			"protocol" : "auth_aes128_md5",
			"protocolparam" : "",
			"obfs" : "tls1.2_ticket_auth",
			"obfsparam" : "",
			"remarks_base64" : "W-S4gOe6pzEuNDJdW-WPr-a4uOaIj10g5pel5pysIC0gSUlKMg",
			"group" : "POI DW",
			"enable" : true,
			"udp_over_tcp" : false
		},
		{
			"remarks" : "[二级1.0] 美国 - CN2",
			"id" : "7DDEA529399FD20E64AC4F0BE0439C70",
			"server" : "hd1.damn-wall.com",
			"server_port" : 1025,
			"server_udp_port" : 0,
			"password" : "POIChan233",
			"method" : "chacha20-ietf",
			"protocol" : "auth_aes128_md5",
			"protocolparam" : "",
			"obfs" : "tls1.2_ticket_auth",
			"obfsparam" : "",
			"remarks_base64" : "W-S6jOe6pzEuMF0g576O5Zu9IC0gQ04y",
			"group" : "POI DW",
			"enable" : true,
			"udp_over_tcp" : false
		},
		{
			"remarks" : "[一级1.96][1G带宽] 香港 - HKT动态",
			"id" : "3115FC165E0BCB1BF73A2A50B733BEBF",
			"server" : "ghkt1.damn-wall.com",
			"server_port" : 1025,
			"server_udp_port" : 0,
			"password" : "POIChan233",
			"method" : "chacha20-ietf",
			"protocol" : "auth_aes128_md5",
			"protocolparam" : "",
			"obfs" : "tls1.2_ticket_auth",
			"obfsparam" : "",
			"remarks_base64" : "W-S4gOe6pzEuOTZdWzFH5bim5a69XSDpppnmuK8gLSBIS1TliqjmgIE",
			"group" : "POI DW",
			"enable" : true,
			"udp_over_tcp" : false
		},
		{
			"remarks" : "[三级1.25] 台湾动态 - HiNet",
			"id" : "7D351F5E9FC5BEEA7BA3B15AA3A5CFC8",
			"server" : "dtw1.damn-wall.com",
			"server_port" : 1025,
			"server_udp_port" : 0,
			"password" : "POIChan233",
			"method" : "chacha20-ietf",
			"protocol" : "auth_aes128_md5",
			"protocolparam" : "",
			"obfs" : "tls1.2_ticket_auth",
			"obfsparam" : "",
			"remarks_base64" : "W-S4iee6pzEuMjVdIOWPsOa5vuWKqOaAgSAtIEhpTmV0",
			"group" : "POI DW",
			"enable" : true,
			"udp_over_tcp" : false
		},
		{
			"remarks" : "[二级0.9][1G带宽] 香港 - 新HKT动态",
			"id" : "2D7F88C007D8ACD54D76CBAD257D6C4C",
			"server" : "ghkt2.damn-wall.com",
			"server_port" : 1025,
			"server_udp_port" : 0,
			"password" : "POIChan233",
			"method" : "chacha20-ietf",
			"protocol" : "auth_aes128_md5",
			"protocolparam" : "",
			"obfs" : "tls1.2_ticket_auth",
			"obfsparam" : "",
			"remarks_base64" : "W-S6jOe6pzAuOV1bMUfluKblrr1dIOmmmea4ryAtIOaWsEhLVOWKqOaAgQ",
			"group" : "POI DW",
			"enable" : true,
			"udp_over_tcp" : false
		},
		{
			"remarks" : "[二级1.15] 美国 - CN2",
			"id" : "4815139E1D1B56FC653AC621B7A66883",
			"server" : "rfc1.damn-wall.com",
			"server_port" : 1025,
			"server_udp_port" : 0,
			"password" : "POIChan233",
			"method" : "chacha20-ietf",
			"protocol" : "auth_aes128_md5",
			"protocolparam" : "",
			"obfs" : "tls1.2_ticket_auth",
			"obfsparam" : "",
			"remarks_base64" : "W-S6jOe6pzEuMTVdIOe-juWbvSAtIENOMg",
			"group" : "POI DW",
			"enable" : true,
			"udp_over_tcp" : false
		},
		{
			"remarks" : "[二级1.3] 洛杉矶 - 三网CN2",
			"id" : "24DFC1F3C10335840610B0A86FF79ED4",
			"server" : "us.cn21.wall-passes.com",
			"server_port" : 1025,
			"server_udp_port" : 0,
			"password" : "POIChan233",
			"method" : "chacha20-ietf",
			"protocol" : "auth_aes128_md5",
			"protocolparam" : "",
			"obfs" : "tls1.2_ticket_auth",
			"obfsparam" : "",
			"remarks_base64" : "W-S6jOe6pzEuM10g5rSb5p2J55-2IC0g5LiJ572RQ04y",
			"group" : "POI DW",
			"enable" : true,
			"udp_over_tcp" : false
		},
		{
			"remarks" : "[定制] 日本 - NTT",
			"id" : "7B58F43702ECDD971040633112EC8DD8",
			"server" : "104.238.151.146",
			"server_port" : 1025,
			"server_udp_port" : 0,
			"password" : "POIChan233",
			"method" : "chacha20-ietf",
			"protocol" : "auth_aes128_md5",
			"protocolparam" : "",
			"obfs" : "tls1.2_ticket_auth",
			"obfsparam" : "",
			"remarks_base64" : "W-WumuWItl0g5pel5pysIC0gTlRU",
			"group" : "POI DW",
			"enable" : true,
			"udp_over_tcp" : false
		}
	],
	"index" : 5,
	"random" : false,
	"sysProxyMode" : 2,
	"shareOverLan" : false,
	"localPort" : 1080,
	"localAuthPassword" : "QSqndgXZzFh-cAXoEmL0",
	"dnsServer" : "",
	"reconnectTimes" : 2,
	"balanceAlgorithm" : "SelectedFirst",
	"randomInGroup" : false,
	"TTL" : 0,
	"connectTimeout" : 5,
	"proxyRuleMode" : 2,
	"proxyEnable" : false,
	"pacDirectGoProxy" : false,
	"proxyType" : 0,
	"proxyHost" : "",
	"proxyPort" : 0,
	"proxyAuthUser" : "",
	"proxyAuthPass" : "",
	"proxyUserAgent" : "",
	"authUser" : "",
	"authPass" : "",
	"autoBan" : false,
	"sameHostForSameTarget" : false,
	"keepVisitTime" : 180,
	"isHideTips" : true,
	"nodeFeedAutoUpdate" : true,
	"serverSubscribes" : [
		{
			"URL" : "https://xn--rpr988cqjt.com/link/4Np6SypvuBVCdZwL?mu=0",
			"Group" : "POI DW",
			"LastUpdateTime" : 1537969036
		}
	],
	"token" : {

	},
	"portMap" : {

	}
}