{
	"ghkt1.wall-passes.com" : {
		"totalUploadBytes" : 118830897,
		"totalDownloadBytes" : 6009141099
	},
	"hkaliyunl32.damn-wall.com" : {
		"totalUploadBytes" : 610203,
		"totalDownloadBytes" : 1742792
	},
	"hkaliyunl31.damn-wall.com" : {
		"totalUploadBytes" : 2883686,
		"totalDownloadBytes" : 16066442
	},
	"jpiij1.damn-wall.com" : {
		"totalUploadBytes" : 26645592,
		"totalDownloadBytes" : 1930654907
	},
	"ctm.damn-wall.com" : {
		"totalUploadBytes" : 1499235,
		"totalDownloadBytes" : 42232205
	},
	"dgc2.damn-wall.com" : {
		"totalUploadBytes" : 4106,
		"totalDownloadBytes" : 6261
	},
	"jpiij2.damn-wall.com" : {
		"totalUploadBytes" : 12399732,
		"totalDownloadBytes" : 795950676
	},
	"ghkt1.damn-wall.com" : {
		"totalUploadBytes" : 57896766,
		"totalDownloadBytes" : 5792776175
	}
}